q_large_006	knowledge/deploy-drift-006-runbook.md	3
q_large_006	decisions/deploy-drift-006-decision.md	2
q_large_006	references/deploy-drift-006-reference.md	1
q_large_007	knowledge/deploy-saturation-007-runbook.md	3
q_large_007	decisions/deploy-saturation-007-decision.md	2
q_large_007	references/deploy-saturation-007-reference.md	1
q_large_008	knowledge/deploy-mismatch-008-runbook.md	3
q_large_008	decisions/deploy-mismatch-008-decision.md	2
q_large_008	references/deploy-mismatch-008-reference.md	1
q_large_009	knowledge/auth-403-009-runbook.md	3
q_large_009	decisions/auth-403-009-decision.md	2
q_large_009	references/auth-403-009-reference.md	1
q_large_010	knowledge/auth-expired-010-runbook.md	3
q_large_010	decisions/auth-expired-010-decision.md	2
q_large_010	references/auth-expired-010-reference.md	1
q_large_011	knowledge/auth-timeout-011-runbook.md	3
q_large_011	decisions/auth-timeout-011-decision.md	2
q_large_011	references/auth-timeout-011-reference.md	1
q_large_012	knowledge/auth-missing-012-runbook.md	3
q_large_012	decisions/auth-missing-012-decision.md	2
q_large_012	references/auth-missing-012-reference.md	1
q_large_013	knowledge/auth-duplicate-013-runbook.md	3
q_large_013	decisions/auth-duplicate-013-decision.md	2
q_large_013	references/auth-duplicate-013-reference.md	1
q_large_014	knowledge/auth-drift-014-runbook.md	3
q_large_014	decisions/auth-drift-014-decision.md	2
q_large_014	references/auth-drift-014-reference.md	1
q_large_015	knowledge/auth-saturation-015-runbook.md	3
q_large_015	decisions/auth-saturation-015-decision.md	2
q_large_015	references/auth-saturation-015-reference.md	1
q_large_016	knowledge/auth-mismatch-016-runbook.md	3
q_large_016	decisions/auth-mismatch-016-decision.md	2
q_large_016	references/auth-mismatch-016-reference.md	1
q_large_017	knowledge/cache-403-017-runbook.md	3
q_large_017	decisions/cache-403-017-decision.md	2
q_large_017	references/cache-403-017-reference.md	1
q_large_018	knowledge/cache-expired-018-runbook.md	3
q_large_018	decisions/cache-expired-018-decision.md	2
q_large_018	references/cache-expired-018-reference.md	1
q_large_019	knowledge/cache-timeout-019-runbook.md	3
q_large_019	decisions/cache-timeout-019-decision.md	2
q_large_019	references/cache-timeout-019-reference.md	1
q_large_020	knowledge/cache-missing-020-runbook.md	3
q_large_020	decisions/cache-missing-020-decision.md	2
q_large_020	references/cache-missing-020-reference.md	1
q_large_021	knowledge/cache-duplicate-021-runbook.md	3
q_large_021	decisions/cache-duplicate-021-decision.md	2
q_large_021	references/cache-duplicate-021-reference.md	1
q_large_022	knowledge/cache-drift-022-runbook.md	3
q_large_022	decisions/cache-drift-022-decision.md	2
q_large_022	references/cache-drift-022-reference.md	1
q_large_023	knowledge/cache-saturation-023-runbook.md	3
q_large_023	decisions/cache-saturation-023-decision.md	2
q_large_023	references/cache-saturation-023-reference.md	1
q_large_024	knowledge/cache-mismatch-024-runbook.md	3
q_large_024	decisions/cache-mismatch-024-decision.md	2
q_large_024	references/cache-mismatch-024-reference.md	1
q_large_025	knowledge/database-403-025-runbook.md	3
q_large_025	decisions/database-403-025-decision.md	2
q_large_025	references/database-403-025-reference.md	1
q_large_026	knowledge/database-expired-026-runbook.md	3
q_large_026	decisions/database-expired-026-decision.md	2
q_large_026	references/database-expired-026-reference.md	1
q_large_027	knowledge/database-timeout-027-runbook.md	3
q_large_027	decisions/database-timeout-027-decision.md	2
q_large_027	references/database-timeout-027-reference.md	1
q_large_028	knowledge/database-missing-028-runbook.md	3
q_large_028	decisions/database-missing-028-decision.md	2
q_large_028	references/database-missing-028-reference.md	1
q_large_029	knowledge/database-duplicate-029-runbook.md	3
q_large_029	decisions/database-duplicate-029-decision.md	2
q_large_029	references/database-duplicate-029-reference.md	1
q_large_030	knowledge/database-drift-030-runbook.md	3
q_large_030	decisions/database-drift-030-decision.md	2
q_large_030	references/database-drift-030-reference.md	1
q_large_031	knowledge/database-saturation-031-runbook.md	3
q_large_031	decisions/database-saturation-031-decision.md	2
q_large_031	references/database-saturation-031-reference.md	1
q_large_032	knowledge/database-mismatch-032-runbook.md	3
q_large_032	decisions/database-mismatch-032-decision.md	2
q_large_032	references/database-mismatch-032-reference.md	1
q_large_033	knowledge/support-403-033-runbook.md	3
q_large_033	decisions/support-403-033-decision.md	2
q_large_033	references/support-403-033-reference.md	1
q_large_034	knowledge/support-expired-034-runbook.md	3
q_large_034	decisions/support-expired-034-decision.md	2
q_large_034	references/support-expired-034-reference.md	1
q_large_035	knowledge/support-timeout-035-runbook.md	3
q_large_035	decisions/support-timeout-035-decision.md	2
q_large_035	references/support-timeout-035-reference.md	1
q_large_036	knowledge/support-missing-036-runbook.md	3
q_large_036	decisions/support-missing-036-decision.md	2
q_large_036	references/support-missing-036-reference.md	1
q_large_037	knowledge/support-duplicate-037-runbook.md	3
q_large_037	decisions/support-duplicate-037-decision.md	2
q_large_037	references/support-duplicate-037-reference.md	1
q_large_038	knowledge/support-drift-038-runbook.md	3
q_large_038	decisions/support-drift-038-decision.md	2
q_large_038	references/support-drift-038-reference.md	1
q_large_039	knowledge/support-saturation-039-runbook.md	3
q_large_039	decisions/support-saturation-039-decision.md	2
q_large_039	references/support-saturation-039-reference.md	1
q_large_040	knowledge/support-mismatch-040-runbook.md	3
q_large_040	decisions/support-mismatch-040-decision.md	2
q_large_040	references/support-mismatch-040-reference.md	1
q_large_041	knowledge/access-403-041-runbook.md	3
q_large_041	decisions/access-403-041-decision.md	2
q_large_041	references/access-403-041-reference.md	1
q_large_042	knowledge/access-expired-042-runbook.md	3
q_large_042	decisions/access-expired-042-decision.md	2
q_large_042	references/access-expired-042-reference.md	1
q_large_043	knowledge/access-timeout-043-runbook.md	3
q_large_043	decisions/access-timeout-043-decision.md	2
q_large_043	references/access-timeout-043-reference.md	1
q_large_044	knowledge/access-missing-044-runbook.md	3
q_large_044	decisions/access-missing-044-decision.md	2
q_large_044	references/access-missing-044-reference.md	1
q_large_045	knowledge/access-duplicate-045-runbook.md	3
q_large_045	decisions/access-duplicate-045-decision.md	2
q_large_045	references/access-duplicate-045-reference.md	1
q_large_046	knowledge/access-drift-046-runbook.md	3
q_large_046	decisions/access-drift-046-decision.md	2
q_large_046	references/access-drift-046-reference.md	1
q_large_047	knowledge/access-saturation-047-runbook.md	3
q_large_047	decisions/access-saturation-047-decision.md	2
q_large_047	references/access-saturation-047-reference.md	1
q_large_048	knowledge/access-mismatch-048-runbook.md	3
q_large_048	decisions/access-mismatch-048-decision.md	2
q_large_048	references/access-mismatch-048-reference.md	1
q_large_049	knowledge/mobile-403-049-runbook.md	3
q_large_049	decisions/mobile-403-049-decision.md	2
q_large_049	references/mobile-403-049-reference.md	1
q_large_050	knowledge/mobile-expired-050-runbook.md	3
q_large_050	decisions/mobile-expired-050-decision.md	2
q_large_050	references/mobile-expired-050-reference.md	1
q_large_051	knowledge/mobile-timeout-051-runbook.md	3
q_large_051	decisions/mobile-timeout-051-decision.md	2
q_large_051	references/mobile-timeout-051-reference.md	1
q_large_052	knowledge/mobile-missing-052-runbook.md	3
q_large_052	decisions/mobile-missing-052-decision.md	2
q_large_052	references/mobile-missing-052-reference.md	1
q_large_053	knowledge/mobile-duplicate-053-runbook.md	3
q_large_053	decisions/mobile-duplicate-053-decision.md	2
q_large_053	references/mobile-duplicate-053-reference.md	1
q_large_054	knowledge/mobile-drift-054-runbook.md	3
q_large_054	decisions/mobile-drift-054-decision.md	2
q_large_054	references/mobile-drift-054-reference.md	1
q_large_055	knowledge/mobile-saturation-055-runbook.md	3
q_large_055	decisions/mobile-saturation-055-decision.md	2
q_large_055	references/mobile-saturation-055-reference.md	1
q_large_056	knowledge/mobile-mismatch-056-runbook.md	3
q_large_056	decisions/mobile-mismatch-056-decision.md	2
q_large_056	references/mobile-mismatch-056-reference.md	1
q_large_057	knowledge/billing-403-057-runbook.md	3
q_large_057	decisions/billing-403-057-decision.md	2
q_large_057	references/billing-403-057-reference.md	1
q_large_058	knowledge/billing-expired-058-runbook.md	3
q_large_058	decisions/billing-expired-058-decision.md	2
q_large_058	references/billing-expired-058-reference.md	1
q_large_059	knowledge/billing-timeout-059-runbook.md	3
q_large_059	decisions/billing-timeout-059-decision.md	2
q_large_059	references/billing-timeout-059-reference.md	1
q_large_060	knowledge/billing-missing-060-runbook.md	3
q_large_060	decisions/billing-missing-060-decision.md	2
q_large_060	references/billing-missing-060-reference.md	1
q_large_061	knowledge/billing-duplicate-061-runbook.md	3
q_large_061	decisions/billing-duplicate-061-decision.md	2
q_large_061	references/billing-duplicate-061-reference.md	1
q_large_062	knowledge/billing-drift-062-runbook.md	3
q_large_062	decisions/billing-drift-062-decision.md	2
q_large_062	references/billing-drift-062-reference.md	1
q_large_063	knowledge/billing-saturation-063-runbook.md	3
q_large_063	decisions/billing-saturation-063-decision.md	2
q_large_063	references/billing-saturation-063-reference.md	1
q_large_064	knowledge/billing-mismatch-064-runbook.md	3
q_large_064	decisions/billing-mismatch-064-decision.md	2
q_large_064	references/billing-mismatch-064-reference.md	1
q_large_065	knowledge/observability-403-065-runbook.md	3
q_large_065	decisions/observability-403-065-decision.md	2
q_large_065	references/observability-403-065-reference.md	1
q_large_066	knowledge/observability-expired-066-runbook.md	3
q_large_066	decisions/observability-expired-066-decision.md	2
q_large_066	references/observability-expired-066-reference.md	1
q_large_067	knowledge/observability-timeout-067-runbook.md	3
q_large_067	decisions/observability-timeout-067-decision.md	2
q_large_067	references/observability-timeout-067-reference.md	1
q_large_068	knowledge/observability-missing-068-runbook.md	3
q_large_068	decisions/observability-missing-068-decision.md	2
q_large_068	references/observability-missing-068-reference.md	1
q_large_069	knowledge/observability-duplicate-069-runbook.md	3
q_large_069	decisions/observability-duplicate-069-decision.md	2
q_large_069	references/observability-duplicate-069-reference.md	1
q_large_070	knowledge/observability-drift-070-runbook.md	3
q_large_070	decisions/observability-drift-070-decision.md	2
q_large_070	references/observability-drift-070-reference.md	1
q_large_071	knowledge/observability-saturation-071-runbook.md	3
q_large_071	decisions/observability-saturation-071-decision.md	2
q_large_071	references/observability-saturation-071-reference.md	1
q_large_072	knowledge/observability-mismatch-072-runbook.md	3
q_large_072	decisions/observability-mismatch-072-decision.md	2
q_large_072	references/observability-mismatch-072-reference.md	1
q_large_073	knowledge/search-403-073-runbook.md	3
q_large_073	decisions/search-403-073-decision.md	2
q_large_073	references/search-403-073-reference.md	1
q_large_074	knowledge/search-expired-074-runbook.md	3
q_large_074	decisions/search-expired-074-decision.md	2
q_large_074	references/search-expired-074-reference.md	1
q_large_075	knowledge/search-timeout-075-runbook.md	3
q_large_076	knowledge/search-missing-076-runbook.md	3
q_large_077	knowledge/search-duplicate-077-runbook.md	3
q_large_078	knowledge/search-drift-078-runbook.md	3
q_large_079	knowledge/search-saturation-079-runbook.md	3
q_large_080	knowledge/search-mismatch-080-runbook.md	3
